{
  "precision": 0.3279569892473118,
  "recall": 0.8883495145631068,
  "f1_score": 0.4790575916230366,
  "specificity": 0.5013297872340425,
  "false_positive_rate": 0.49867021276595747,
  "false_negative_rate": 0.11165048543689321,
  "false_alerts_per_hour": 1409.1858037578288,
  "mean_detection_latency_seconds": 0.5,
  "true_negatives": 377,
  "false_positives": 375,
  "false_negatives": 23,
  "true_positives": 183
}